<?xml version="1.0" encoding="utf-8"?>

<permissions>
    <privapp-permissions package="com.eveningoutpost.dexdrip">
        <permission name="android.permission.ACCESS_BACKGROUND_LOCATION"/>
        <permission name="android.permission.ACCESS_COARSE_LOCATION"/>
        <permission name="android.permission.ACCESS_FINE_LOCATION"/>
        <permission name="android.permission.ACCESS_NETWORK_STATE"/>
        <permission name="android.permission.ACCESS_WIFI_STATE"/>
        <permission name="android.permission.BATTERY_STATS"/>
        <permission name="android.permission.BLUETOOTH"/>
        <permission name="android.permission.BLUETOOTH_ADMIN"/>
        <permission name="android.permission.BLUETOOTH_PRIVILEGED"/>
        <permission name="android.permission.CAMERA"/>
        <permission name="android.permission.CHANGE_WIFI_STATE"/>
        <permission name="android.permission.FLASHLIGHT"/>
        <permission name="android.permission.FOREGROUND_SERVICE"/>
        <permission name="android.permission.GET_ACCOUNTS"/>
        <permission name="android.permission.INTERNET"/>
        <permission name="android.permission.MANAGE_ACCOUNTS"/>
        <permission name="android.permission.MODIFY_AUDIO_SETTINGS"/>
        <permission name="android.permission.NFC"/>
        <permission name="android.permission.READ_CALL_LOG"/>
        <permission name="android.permission.READ_CONTACTS"/>
        <permission name="android.permission.READ_EXTERNAL_STORAGE"/>
        <permission name="android.permission.READ_PHONE_STATE"/>
        <permission name="android.permission.RECEIVE_BOOT_COMPLETED"/>
        <permission name="android.permission.REQUEST_IGNORE_BATTERY_OPTIMIZATIONS"/>
        <permission name="android.permission.REQUEST_INSTALL_PACKAGES"/>
        <permission name="android.permission.SEND_SMS"/>
        <permission name="android.permission.SET_WALLPAPER"/>
        <permission name="android.permission.USE_CREDENTIALS"/>
        <permission name="android.permission.VIBRATE"/>
        <permission name="android.permission.WAKE_LOCK"/>
        <permission name="android.permission.WRITE_EXTERNAL_STORAGE"/>
        <permission name="android.permission.WRITE_SECURE_SETTINGS"/>
        <permission name="android.permission.WRITE_SETTINGS"/>
        <permission name="com.eveningoutpost.dexdrip.permission.C2D_MESSAGE"/>
        <permission name="com.eveningoutpost.dexdrip.permissions.RECEIVE_EXTERNAL_STATUSLINE"/>
        <permission name="com.google.android.c2dm.permission.RECEIVE"/>
        <permission name="com.google.android.gms.permission.ACTIVITY_RECOGNITION"/>
        <permission name="com.google.android.permission.PROVIDE_BACKGROUND"/>
    </privapp-permissions>
</permissions>
