<?xml version="1.0" encoding="UTF-8"?>
<permissions>
<privapp-permissions package="com.medtronic.diabetes.minimedmobile.eu">
<permission name="com.medtronic.minimed.permission.SECURE_LOCAL_BROADCAST"/>
<permission name="android.permission.RECEIVE_BOOT_COMPLETED"/>
<permission name="android.permission.INTERNET"/>
<permission name="android.permission.ACCESS_WIFI_STATE"/>
<permission name="android.permission.ACCESS_NETWORK_STATE"/>
<permission name="android.permission.REQUEST_IGNORE_BATTERY_OPTIMIZATIONS"/>
<permission name="android.permission.VIBRATE"/>
<permission name="android.permission.WAKE_LOCK"/>
<permission name="android.permission.BLUETOOTH"/>
<permission name="android.permission.FOREGROUND_SERVICE"/>
<permission name="android.permission.READ_EXTERNAL_STORAGE"/>
<permission name="android.permission.BLUETOOTH_ADMIN"/>
<permission name="android.permission.AUTHENTICATE_ACCOUNTS"/>
<permission name="android.permission.GET_ACCOUNTS"/>
<feature name="android.hardware.bluetooth_le"/>
<feature name="android.hardware.location.gps"/>
<feature name="android.hardware.location.network"/>
</privapp-permissions>
</permissions>
